Unit,Count,Unified
fl oz/A,7788,FL OZ/A
fl oz/acre,4078,FL OZ/A
oz/acre,1779,OZ/A
fl oz per acre,1778,FL OZ/A
oz/A,1627,OZ/A
N/A,1595,
pints per acre,1551,PT/A
quarts per acre,1527,QT/A
fl. oz./A,1101,FL OZ/A
lbs/acre,1092,LB/A
lbs per acre,1080,LB/A
pints/acre,962,PT/A
ounces per acre,889,OZ/A
gallons per acre,832,GAL/A
fl oz/Acre,820,FL OZ/A
fl oz,806,FL OZ
pounds per acre,794,LB/A
oz per acre,775,OZ/A
pt/A,772,PT/A
lb/acre,723,LB/A
fl oz product/A,711,FL OZ/A
lb/A,678,LB/A
lbs/A,678,LB/A
fl. oz./acre,636,FL OZ/A
fluid ounces/Acre,628,FL OZ/A
qt/acre,620,QT/A
fl oz per gallon,603,FL OZ/GAL
qt/A,527,QT/A
oz/Acre,458,OZ/A
fl. oz. per acre,456,FL OZ/A
fluid ounces per acre,427,FL OZ/A
quarts/acre,400,QT/A
% v/v,390,
dispensers per acre,384,
pt/acre,379,PT/A
pts/A,369,PT/A
fl oz/100 gal,339,FL OZ/100 GAL
ppm,337,
lbs product/acre,322,LB/A
lbs product/Acre,299,LB/A
pts per acre,298,PT/A
oz,295,OZ
pint/acre,276,PT/A
lbs product per acre,274,LB/A
lb product/acre,250,LB/A
fl oz/gal,249,FL OZ/GAL
gallons per 100 gallons of water,243,GAL/100 GAL
fl. oz./Acre,240,FL OZ/A
lbs product/A,235,LB/A
lbs a.i./acre,231,LB ai/A
lb ai/A,227,LB ai/A
lb a.i./acre,225,LB ai/A
fl oz per 100 gal,222,FL OZ/100 GAL
lbs,220,LB
lb a.i./A,217,LB ai/A
gal/acre,217,GAL/A
oz/100 gal,215,OZ/100 GAL
fl oz per 100 gallons,203,FL OZ/100 GAL
fl oz product/acre,198,FL OZ/A
fl ozs/A,196,FL OZ/A
Fl Oz/A,185,FL OZ/A
lbs/Acre,181,LB/A
gal/A,180,GAL/A
gallons per treated acre,179,GAL/A
pints/A,174,PT/A
fl oz per gallon of water,174,FL OZ/GAL
pint per acre,173,PT/A
lb per acre,171,LB/A
pints,171,PT
fl oz product per acre,168,FL OZ/A
Oz/Acre,158,OZ/A
ozs/A,155,OZ/A
pts/acre,154,PT/A
pints/Acre,152,PT/A
gallons/acre,151,GAL/A
gallons per 100 gallons water,151,GAL/100 GAL
qt,150,QT
fl oz per 1000 sq ft,146,FL OZ/1000 SQFT
grams a.i./acre,145,G ai/A
quarts per 100 gallons,143,QT/100 GAL
pounds/acre,141,LB/A
lb product per acre,132,LB/A
oz product/A,131,OZ/A
oz per gallon,126,OZ/GAL
ounces/acre,118,OZ/A
pounds,117,LB
fl oz/100 gallons,116,FL OZ/100 GAL
oz product/acre,116,OZ/A
Quarts/Acre,114,QT/A
Fl. Oz./A,114,FL OZ/A
fl. oz.,113,FL OZ
oz per 10 sq ft,111,OZ/10 SQFT
percent v/v,109,
qt per acre,107,QT/A
tsp per gallon,105,TSP/GAL
lb ai per acre,104,LB ai/A
fl oz per 100 gal water,103,FL OZ/100 GAL
fl ozs,101,FL OZ
ounces,99,OZ
fl. oz. product/A,98,FL OZ/A
ppm available chlorine,98,
pt per acre,98,PT/A
lb product/A,91,LB/A
pt/Acre,88,PT/A
ozs./acre,87,OZ/A
ounces/Acre,86,OZ/A
g ai/acre,83,G ai/A
pt,82,PT
% W/W,82,
fl.oz product per gallon water,80,FL OZ/GAL
lbs Product/Acre,79,LB/A
qts/A,78,QT/A
lbs Product/A,76,LB/A
oz per 100 gallons,76,OZ/100 GAL
fl oz/gallon,73,FL OZ/GAL
ounces product per acre,72,OZ/A
tsp/gal,72,TSP/GAL
quart/acre,71,QT/A
lb product/Acre,71,LB/A
ozs/acre,71,OZ/A
pounds per 100 gallons of water,71,LB/100 GAL
fl. oz. per 100 gallons,70,FL OZ/100 GAL
lb,65,LB
percent solution,65,
fl oz/100 gallons water,65,FL OZ/100 GAL
fl. oz. product per acre,65,FL OZ/A
teaspoons per gallon,64,TSP/GAL
pts,64,PT
fl oz per 100 gallons of water,64,FL OZ/100 GAL
pints product/A,64,PT/A
quarts/A,63,QT/A
fl oz/1000 sq ft,59,FL OZ/1000 SQFT
"fl oz/200,000 lb of fruit",57,
quarts per 100 gallons water,57,QT/100 GAL
"fl. oz per 1,000 sq.ft",57,FL OZ/1000 SQFT
gallons/treated acre,54,GAL/A
Fl oz per acre,53,FL OZ/A
quarts per 100 gallons of water,53,QT/100 GAL
tablespoons per 1 gallon of water,53,TBSP/GAL
pounds per 100 gallons,52,LB/100 GAL
qt/100 gallons,51,QT/100 GAL
fluid ounces/acre,50,FL OZ/A
oz/100 gals,50,OZ/100 GAL
fluid oz/Acre,50,FL OZ/A
lb/Acre,50,LB/A
oz per Acre,50,OZ/A
lb per 100 gallons of water,49,LB/100 GAL
oz per 100 gal,49,OZ/100 GAL
lbs per 100 gallons,49,LB/100 GAL
lb per 1000 sq ft,48,LB/1000 SQFT
fl oz/tree,48,
lbs per acre per application,48,LB/A
lb permethrin/acre,48,
tablespoons per gallon,48,TBSP/GAL
Quarts/A,48,QT/A
Ready-to-use,48,
gallons product per acre,46,GAL/A
fl oz per 100 gals water,45,FL OZ/100 GAL
"fl oz per 1,000 sq ft",45,FL OZ/1000 SQFT
teaspoon per 12 sq. ft.,44,
oz/bin,44,
lb/acre/application,44,LB/A
lbs/100 gal of water,44,LB/100 GAL
tablespoons per mound,44,
Ib a.i. per acre,44,LB ai/A
packet per 100 gal water,44,
fl oz per 100 lbs of seed,44,
oz/bin or gram/bin,44,
Ib/A,43,LB/A
oz product per acre,43,OZ/A
level Tbsp per mound,43,
oz per 435 sq. ft.,42,
fl oz per gal,42,FL OZ/GAL
lb a.i. per acre,42,LB ai/A
fl. oz product/A,42,FL OZ/A
pts/100 gallons,41,PT/100 GAL
dispensers/acre,41,
fluid ounces,41,FL OZ
fl oz per 100 lb seed,41,
fl oz/100 gals,41,FL OZ/100 GAL
Pts per Acre,40,PT/A
lb/½ acre,40,LB/A
lb/cubic yd soil mix,40,
fluid oz/A,39,FL OZ/A
fl oz per 100 gals,39,FL OZ/100 GAL
fl oz per 100 sq ft,39,FL OZ/100 SQFT
gallons of oil per 100 gallons of water,39,
pints per 100 gallons,39,PT/100 GAL
lb of product,39,LB
gals/acre,38,GAL/A
gals per acre,38,GAL/A
% solution,38,
fl oz/100 lb seed,37,
quarts,37,QT
Oz/A,37,OZ/A
fl. oz./100 gal,37,FL OZ/100 GAL
Fl. Ozs. / Acre,37,FL OZ/A
lb/1000 ft3,37,
"oz per 20,000 sq ft",37,
fl oz per 300 sq ft,36,
plate per gallon,36,
fl oz in 1 gallon water per 300 sq ft,36,
oz per 1000 square feet,36,OZ/1000 SQFT
fl oz/50 sq ft,35,
gals per 100 gal water,35,GAL/100 GAL
lb ai/acre,35,LB ai/A
fl. Ozs./A,35,FL OZ/A
pounds permethrin per acre,35,
lbs/100 gallons,35,LB/100 GAL
lbs product per 100 gal water,35,LB/100 GAL
billion OBs per acre,35,
fl oz/100 gal water,35,FL OZ/100 GAL
tsp per gallon of water,35,TSP/GAL
Pints/Acre,34,PT/A
Ibs Product/Acre,34,LB/A
oz per 100 gallons; oz per acre,34,OZ/A
lbs per 1000 sq ft,34,LB/1000 SQFT
mL per inch DBH,34,
grams a.i. per acre,34,G ai/A
gallons per 100 gallons,34,GAL/100 GAL
qts per acre,34,QT/A
"oz product/1,000 sq ft",34,OZ/1000 SQFT
Ib a.i./acre,33,LB ai/A
Gallons/Acre,33,GAL/A
lbs/1000ft3,33,
Oz.,33,OZ
fl oz per Acre,33,FL OZ/A
lbs product/treated acre,33,LB/A
mL per tree,33,
pounds product per 100 gallons,33,LB/100 GAL
cc per injection site,32,
percent formulation,32,
gals product per acre,32,GAL/A
fl oz product per gallon of water,32,FL OZ/GAL
fl. oz. per 100 gallons of water,32,FL OZ/100 GAL
fluid ounces per 100 gallons of water,31,FL OZ/100 GAL
oz/100 gallons,31,OZ/100 GAL
inches,31,
tsp per 200 sq ft,30,
fl oz product per 100 gals water,30,FL OZ/100 GAL
lbs/treated acre,30,
Fl. Ozs./Acre,30,FL OZ/A
oz/200000 lb of fruit,30,
fl. oz per 100 gallons,29,FL OZ/100 GAL
Fl. oz./A,29,FL OZ/A
ounces per gallon,29,OZ/GAL
fl oz/100gal,29,FL OZ/100 GAL
pints per 25 gallons of water per acre,28,
"lbs per 1,000 sq ft",28,
g product/acre,28,G/A
oz per 50 ft row,28,
lb./inch of trunk diameter,28,
pints per 100 gallons of water,27,PT/100 GAL
qts,27,QT
Pounds/Acre,27,LB/A
fl. oz per acre,27,FL OZ/A
lb Permethrin per acre,26,
oz./A,26,OZ/A
PINT/ACRE,26,PT/A
Ib/acre,26,LB/A
fl ozs/Acre,26,FL OZ/A
oz./acre,26,OZ/A
lbs of SYLLIT 65WG per acre,26,
pouches per acre,26,
fl. oz/acre,26,FL OZ/A
fl oz per 3 gallons water,26,
cup per gallon of water,26,
lb per 100 gal,25,LB/100 GAL
lbs a.i./A,25,LB ai/A
microinjection unit per 6 inches of trunk circumference,25,
level tablespoons per 10 sq ft,25,
fl oz per 100 gal per acre,25,FL OZ/100 GAL
fl oz/100 lbs seed,25,
fl. Oz./A,25,FL OZ/A
pound/acre,25,LB/A
full coverage spray,24,
fl oz/100 gal/A,24,FL OZ/100 GAL
gallons per 1000 square feet,24,
fl oz per 100 lbs seed,24,
lbs per 500 sq ft,24,
fl oz per 100 gallons per acre,24,FL OZ/100 GAL
g ai/Acre,24,G ai/A
fl oz per gallon per 300 sq ft,24,
lbs permethrin per acre,24,
fl oz per 100 gallons per Acre,24,
tsp per 1 gal per 436 sq ft,24,
gallons per 100 gallons water per acre,23,
gal per 1000 sq ft,23,
tsp per 4 gallons,23,
lbs./Acre,23,
lb product/1000 sq ft,23,
Pt/A,23,
"fl oz/1,000 seeds",22,
gallons product per 100 gallons water,22,
gal spray solution/acre,22,
quarts/100 gallons,22,
"fl. oz per 1,000 sq ft",22,
oz per 5000 sq ft,22,
fl oz per 1000 ft row,22,
oz./Acre,22,
quart,22,
fl. oz. of product/acre,22,
lbs per cubic yard soil mix,22,
lb permethrin a.i./acre,22,
lbs pyrethrins/1000 ft2,22,
oz per 100 gallons of water,21,
fl oz per 1800 sq ft,21,
gals per 100 gals water,21,
ozs/100 gallons,21,
Puffers per acre,21,
ounces per 52-208 square feet,21,
lbs per 100 gallons water,21,
fl oz per application,21,
oz per 300 gallons of water,21,
qts/acre,21,
% v/v solution,21,
pint/A,21,
scoops per gallon,21,
pt/100 gal water,21,
fl. oz. / Acre,21,
% v/v dilution,21,
dispensers per acre per application,21,
oz per 2 gallons water,21,
oz per 2.5 gallons of water,21,
oz/gal,21,
lbs/yd³,21,
ppm FAC,20,
units per acre,20,
gallon/100 gallons water,20,
oz/a,20,
"fl oz/250,000 lb of fruit",20,
tbsp per gallon of water,20,
oz per 20 sq ft,20,
Pts/A,20,
ml/bin,20,
fl ozs/100 gallons,20,
Tbsp per gallon,20,
mL/gallon,20,
ounces per 52 sq ft (equivalent to 4 oz per 208 sq ft),20,
fl. oz./10 gals water,20,
"fl.oz per 1,000 sq.ft.",20,
fl. oz/100 gal,20,
pts./acre,20,
lbs product per 100 gals water,19,
oz per 100 gallons water,19,
ozs per acre,19,
Fl Oz/Acre,19,
gals product/100 gals water,19,
lbs per 0.5 acre,19,
fl oz per 1000 ft2,19,
mL per injection site,19,
oz per 100 gal water,19,
gallons oil per 100 gallons of water,19,
g a.i./acre,19,
percent or gallons per 100 gallons of water,19,
oz/100gal,19,
Ibs. Product/Acre,19,
lbs product per 100 gals,19,
lbs product/lbs hydrated lime/gal water,19,
ounces per 100 square feet,19,
oz per 50 sq ft,18,
fl.oz./acre,18,
oz per container weight,18,
lbs per 100 gal water,18,
fl. oz. product per 100 lb seed,18,
fl. ozs. per acre,18,
oz per 2 gallons of water,18,
lbs/100gal,18,
Tbs per gallon,18,
dry ounces per acre,18,
pints per 100 gal,18,
fl oz per inch DBH,18,
PPM,18,
ounces/lb,18,
QT per ACRE,18,
percent,18,
gallon mixed spray per 700 sq ft,18,
teaspoons per 24 fl oz water,18,
oz per 175 sq ft,18,
tablespoons per 24 fl oz water,18,
fl. oz,18,
lbs Banter WDG per acre,18,
"fl oz/50,000 lb of fruit",18,
fl oz per 100 gal of water; fl oz per acre,17,
lbs/100 gal,17,
hives/acre,17,
fl oz per 100 gals of water,17,
oz per 300 gals of water,17,
gals/100 gals,17,
Tablespoons per gallon,17,
fl oz Product per acre,17,
Pt/Acre,17,
fl. oz per 100 gals of water,17,
gallons/A,17,
fl. oz. per 100 gals,17,
oz/100 gal; oz/A,17,
lb/100 gal/A/app,17,
FL OZ/A,17,
one second bursts,17,
gals per 100 gals of water,17,
pounds per 1000 sq ft,17,
gal per 100 gal water,17,
pounds/acre/application,17,
qt per 100 gal,16,
ounce per 10 square feet,16,
pt product/A,16,
pellets per linear foot,16,
Ready-to-Use,16,
oz/transplant hole,16,
lbs product per 1000 sq ft,16,
fl oz per gallon of water per 300 sq ft,16,
FL. OZ/acre,16,
Refer to Container Topdress Rates chart,16,
oz/gallon,16,
ml/100 kg seed,16,
ml,16,
pounds product per acre,16,
ounce per gallon,16,
pt/Ac,16,
lb per 500 sq ft,16,
quarts product/A,16,
ppb,15,
Pounds,15,
fl oz/100 lb of seed,15,
pounds per 150 sq ft area,15,
pts./A,15,
dispenser attachment devices/acre,15,
cup to gallon per 50 gallons of water,15,
fl. oz/A,15,
fl.oz./100 gallons,15,
fl oz per 4 gallons water,15,
qt - gal per acre,15,
teaspoons per gallon of finished spray,15,
ounces per 100 gallons,15,
fl oz product/1000 row feet,15,
fl oz product/Acre,15,
lbs product/1000 sq ft,15,
fl oz/100 Ib seed,15,
gals product per 100 gals water,15,
ounces per 300 gallons of water or ounces per acre,15,
gallons per 10 gallons of water,15,
cups to gallons per 50 gallons of water,15,
fl ounces per acre,15,
oz per 1000 sq ft,15,
pounds/1000 sq ft,15,
fl oz/1000 row feet,15,
fl ozs product per acre,15,
fl. oz./1000 sq. ft.,15,
"oz/250,000 lb of fruit",15,
% (v/v),15,
gal/treated acre,15,
tsp per 1000 sq ft,15,
mini pellets per linear foot,14,
microliters per puff,14,
teaspoons per 9 sq ft,14,
pt/100 gal,14,
PPB,14,
ounces/1000 ft3,14,
lbs/1000 sq ft,14,
Fl. oz/A,14,
oz per active hole/trail/runway,14,
pounds active ingredient per acre,14,
"fl. oz per 200,000 lbs of fruit",14,
oz per placement,14,
fl oz per 4 gal,14,
lb per 1000 ft2,14,
puffers per acre,14,
"fl oz/1,000 ft2",14,
Ib a.e. per acre,14,
granules per square foot,14,
QT/A,14,
Ibs Product/A,14,
oz/ton,14,
teaspoon per gallon,14,
lbs AI/A,14,
dry oz,14,
tablespoon per gallon,14,
teaspoon per 10 linear feet,14,
Ib a.i/A,14,
lbs product per 1000 sq.ft.,14,
point of runoff,13,
"Spray until thoroughly wet on both leaf surfaces, but not to the point of runoff",13,
lbs ai/acre,13,
fl. oz. Product/A,13,
ounces/1000 cu. ft.,13,
square inches of CR206 film per container (see label table for container volume dosing),13,
fl oz/100 Gal,13,
undiluted,13,
lb per 1700 square feet,13,
lbs per 100 gallons of water,13,
ounces/1000 sq. ft.,13,
"oz per 25,000 lb of fruit",13,
fl. oz/Acre,13,
lbs. product per treated acre,13,
lb permethrin per acre,13,
ppm/1000 ft3,13,
Fl. Oz. per 100 gallons,12,
fl.oz per acre,12,
pints per 100 gallons water,12,
pt Product/A,12,
pounds per ½ acre,12,
scoops per 100 lbs of seed,12,
fl. oz. per 100 gals per acre,12,
1 gallon of spray per 300 sq ft,12,
canister per acre,12,
lbs metallic copper per acre,12,
lbs.,12,
Tablespoonfuls per gallon per 350 square feet,12,
fl oz per 1500 sq ft,12,
gal product/100 gal water,12,
Gallons/Treated Acre,12,
spirals per acre,12,
g/1000ft3,12,
lb per 1000 ft3,12,
foot per second,12,
ounces/100 gallons per acre,12,
Fl. Oz. / 100 lbs of Seed,12,
fl.oz/gal,12,
foliar spray,12,
Ib per 500 sq ft,12,
fl oz/gallon (per 300 sq ft),12,
gal/100 gal water,12,
Ready-to-use spray,12,
lb permethrin ai/acre,11,
% solution in 25-100 gallons water per acre,11,
fl oz per 12 fl oz water,11,
ounces per 50 feet of row,11,
"oz per 1,000 ft of row",11,
fluid ounces product per acre,11,
full spray pumps per 1 square foot of vegetable plant,11,
fl oz per 10 gallons,11,
pt per 100 gals of water,11,
pts per 100 gal water,11,
fl.oz. per gallon,11,
seconds per 100 sq ft,11,
fl oz per 1000 square feet,11,
See container topdress rates chart,11,
lb per 500 ft2,11,
"oz per 1,000 sq ft",11,
Ib per acre,11,
qt per 6100 sq ft,11,
lb per 640-1280 sq ft,11,
fl. oz. per 1 gal of water,11,
lb/500 ft2,11,
oz per mound,11,
fl oz/min,11,
gal per acre,11,
lbs permethrin active ingredient per acre,11,
tsp per 3 gallons water,11,
Grams A.I./acre,11,
"fl.oz per 1 gal water per 1,000 sq.ft (tank); oz dial setting (hose-end)",10,
lb product/2.5 acres,10,
fl oz/100 lb,10,
fl oz per 1 gallon water,10,
ml per 1000 sq ft,10,
fl oz A131.02/A,10,
fl.oz./A,10,
oz per 2 gallons,10,
fl oz/gal water,10,
packet per 100 gallons of water,10,
gal oil per 100 gal water,10,
ounces per placement,10,
fl oz product per 100 gal,10,
oz per 1 gallon water,10,
full spray pumps per 1 square foot of plant,10,
grams per acre,10,
Ready-To-Use,10,
fl oz per 2 gallons water,10,
tsp per square yard,10,
pt per 100 gals water,10,
pt/1000 sq ft,10,
fl oz per US ton,10,
seconds,10,
gal/100 gal,10,
fl oz per 500 sq ft,10,
canisters per acre,10,
parts product per 1200 parts water,10,
fl oz per 100 lb seed pieces,10,
fluid ounces per 1000 square feet,10,
oz per tree,10,
fl oz/1000 row ft,10,
g of formulation per acre per year,10,
gallons per 100 gallons spray,10,
lb per 640 sq ft,10,
ounces per 100 gallons water,10,
gals/100 gals of water,10,
square feet per can,10,
bags per 1000 cu.ft.,9,
oz per US ton,9,
oz per acre applied concentrate,9,
Fl. Oz./Acre,9,
ppm AI,9,
fl oz per 2 gallons of water,9,
fl oz/1000 linear ft,9,
pints per 100 gallons per acre,9,
g per acre per year,9,
sachets per 1000 cu ft,9,
lbs product per treated acre,9,
lb a.e./acre,9,
pints/100 gallons,9,
Tbsp per 3-9 gallons water,9,
quarts per 5 gallons water,9,
Spray-to-wet basis,9,
grams per pot,9,
fl oz per 100 lb of seed,9,
qt per 110 sq ft; gal per 440 sq ft,9,
qt/100 gal water,9,
fl. oz. per gallon of spray water,9,
oz/1000 ft3,9,
fl oz per 10 gallons water,9,
cubic feet per rope,9,
fl oz per 50 lb of seed,9,
inch,9,
fl oz (low) to gal (high) per 10000 lb of seed,9,
oz per 100 gals applied dilute,9,
lb/500 sq ft,8,
Ib/Acre,8,
fl oz per treated acre,8,
fl oz per 200000 lbs of fruit,8,
fluid ounces per gallon of water,8,
fl.oz./100 gallon,8,
fl. oz. per 100 gals of water,8,
can per acre,8,
oz per gal,8,
gals/A,8,
gals per 100 gals water; 100-800 gals per acre,8,
ml per inch DBH,8,
ppm suspension,8,
g AI per pad,8,
oz per transplant hole,8,
grams per 100 gallons of water,8,
ml per tree,8,
Tbs per gallon of water,8,
water-soluble paks per 10 acres,8,
% a.i. solution,8,
oz/100 gal water,8,
quart per 10 square yards,8,
lb per 1000 square feet,8,
rounded tablespoons per gallon water,8,
g product,8,
fl. oz./100 gals,8,
ft3 per tablet,8,
quart per acre,8,
"ounces per 1,000 sq ft",8,
oz per 1500 sq ft,8,
fl oz product/1000 ft of row,8,
pounds per 500 ft2,8,
grams per 1000 ft3,8,
fl. oz./100 gallons of water,7,
Dilute (1 fl oz product per 12 fl oz water),7,
tsp per 5 qts of water,7,
tsp per 4-gal water,7,
"fluid ounces/1,000 plants",7,
lb/cubic yard,7,
lb product per 100 gal,7,
gallons per 29-159 gallons of water (0.75%-4.0% v/v dilution),7,
teaspoon per square yard,7,
lb/100 gal,7,
pounds of product per acre,7,
lbs product per 100 gallons,7,
fl oz per 100 lbs seed pieces,7,
fl oz per 25 gal water; apply 100–400 gal solution per acre,7,
gallons per 100 gallons of water per acre,7,
g/1000 cu.ft.,7,
"ounces per 1,000 ft3",7,
pounds/Acre,7,
Gallons,7,
lb/1000 sq ft,7,
oz/1000 row feet,7,
devices per acre,7,
"pounds/1,000 sq ft",7,
quart per 100 gallons of water,7,
oz AI/pad,7,
gallon per ton,7,
gallons product per acre in a minimum of 20 gallons of water,7,
oz per 25 gal,7,
LB,7,
lbs active ingredient per acre,7,
"fl oz/1,000 ft²",7,
lbs a.i. per Acre,7,
oz product per 5 gallons water per mound,7,
tablespoon/gallon,7,
oz product per 2 gallons water,7,
fl. oz. per 100 lbs. of seed,7,
"oz product/5,000 sq ft",7,
pieces per placement,7,
fl. oz./ton,7,
teaspoon per 9 linear feet,7,
gal per 4500 sq.ft.,7,
tablespoons per gallon of water,7,
fl. oz. product/100 lbs seed,7,
oz per 50 gallons,7,
ounces per 100 lbs seed,6,
fl oz product/100 lb of seed,6,
Quarts per Acre,6,
Pts./Ac.,6,
pint(s) of Alligare Clopyralid 3 SL per acre,6,
Ib product per acre,6,
gal of mix per 300 sq ft,6,
oz AI per pad,6,
fl oz per tree,6,
oz product per US ton (2000 lbs),6,
oz per metric ton,6,
fl. oz./100 gals. water,6,
fl oz/ton of tubers,6,
packets per tree,6,
fl. oz. of product / 100 lb of seed,6,
ounces product per 100 lbs of seed,6,
oz per 10 gallons of water,6,
g product per metric ton (2200 lbs),6,
pts per treated acre,6,
"cans per 3,000 square feet of plant foliage",6,
fl oz/cwt,6,
fl oz Product per Acre,6,
ounces per 200 square feet,6,
tsp per 3-9 gallons water,6,
Ibs/A,6,
fl oz per 260-350 sq ft,6,
teaspoon to tablespoon per gallon water; apply 1–2.5 gal solution per 1000 sq ft,6,
qt per 10 gal water,6,
g a.i. per acre,6,
tsp/1000 sq ft; oz/Acre,6,
Fl oz per 100 lb seed,6,
ounces of dust / 100ft2,6,
g product per acre per year,6,
traps per acre,6,
fl oz product/100 lb seed,6,
ml per 5 gallons,6,
fl. oz./cwt,6,
fl oz per ton,6,
pt/100 gals water,6,
can per 3000 square feet of plant foliage,6,
ml/kg,6,
"pellets per 1,000 bu",6,
oz per inch trunk circumference,6,
pellets per square foot,6,
fl oz per 1000 ft of row,6,
lb per 320 sq ft,6,
"fl oz/1,000 row ft",6,
lbs product per 100 gallons water,6,
fl oz per bait matrix,6,
fl oz/1000 seeds,6,
lb per 55 gallons wax,6,
teaspoon per 7 linear feet,6,
fl oz per gallon water,6,
ppm free available chlorine,6,
oz per cwt of seed,6,
tablets per 1000 cu.ft.,6,
fl. oz. per 100 lbs. seed,6,
lb/100 GAL,6,
"lbs per 1,000 sq. ft.",6,
fl.oz. per acre,6,
fl oz/1000 plants,6,
qt/100 gal,6,
oz per 200 gallons,6,
"containers per 3,000 square feet (50,000 cubic feet)",6,
ounces per 100 lbs of seed,6,
fl oz per 3 gallons of water,6,
oz product per 100 gallons,6,
gallons treatment mixture per ton,6,
fl oz per 4 gal water per 4000 sq ft,6,
"oz product/1,000 ft2",6,
oz per gallon of water,6,
ounces per 1000 square feet,6,
Fluid oz/1000 Linear ft.,5,
fl. oz per 100 Ibs. of seed,5,
pound per 640 to 1280 square feet,5,
grams per metric ton,5,
fl.oz. Product / 100 gal,5,
Fluid Ounces per 100 Pounds of Seed,5,
oz per 40-80 sq ft depending on soil texture,5,
lb per 640-1250 sq.ft,5,
pound per 250 sq. ft.,5,
"cubic feet per 1,000 cubic feet of room volume per 24 hours",5,
"packet per 2,900-3,850 sq ft",5,
Lb./A,5,
fl oz / 100 gals,5,
"fl oz/1,000 sq ft",5,
Quarts per acre,5,
Fluid ounces per 100 pounds of seed,5,
fl oz per US Ton,5,
% solution in sufficient water for coverage,5,
pt per 100 gal spray,5,
fl oz per 100 gallons water,5,
fl. oz. per 100 lb seed,5,
quart per 100 gallons water,5,
lbs permethrin and piperonyl butoxide per acre,5,
mg ai/seed,5,
lbs per 1000 ft3,5,
fl oz per 1000 plants,5,
lb/gallon,5,
"lbs per 1,000 sq.ft.",5,
packet per 2900-3850 ft2,5,
% atmosphere,5,
pts per 100 gals of water,5,
fl. oz. per 100 lbs of seed,5,
ppm IBA,5,
tsp per gal water,5,
fluid ounces per acre per year,5,
Lb./Ac.,5,
gals product/100 gals water at 100-500 gals spray solution per acre,5,
puff per 15 minutes,5,
fl oz/CWT,5,
fl. oz. product/100 lb seed,5,
teaspoon to tablespoon per gallon water; apply 1–5 gal solution per 1000 sq ft,5,
fluid ounces per 100 lbs seed,5,
gallons concentrate per acre,5,
fl oz per 4 gallons water (or 1-2 pints/acre),5,
grams of product per acre,5,
pt/50-100 gallons of water,5,
"fl. oz./1,000 row feet",5,
% solution in 25-200 gallons water per acre,5,
fl oz per 100 gal/A,5,
pts per 100 gallons,5,
fl oz per 2000 lb of tubers,5,
fl oz per 4 gal water,5,
oz per 100 lbs seed,5,
fl oz per US ton fruit,5,
oz/1000 sq ft,5,
fl. oz. per 1000 sq. ft. in 1 gallon of water,5,
fl oz/2000 lb of tubers,5,
teaspoons per quart,5,
Fl Oz per 100 lbs of seed,5,
Fl Oz per 100 lbs seed,5,
fl. oz. / A,5,
gallons product per acre in minimum of 20 gallons of spray,5,
ppm in spray solution,5,
fl. oz./100 lb of seed,5,
packet per 100 gal,5,
fl oz per 1000 row feet,5,
gals per 100 gals water per acre,5,
"fl oz per 200,000 lbs of fruit",5,
fl. oz per 1 gallon water,5,
fl. oz per 1 gallon water per 1000 sq.ft.,5,
fl. oz./US ton,5,
gals per 100 gals water; 300-600 gals per acre,5,
level tablespoons per gallon,5,
parts product to parts water,5,
"fl oz per 100,000 seeds",4,
oz per 100 lbs of seed,4,
oz/100 ft2,4,
fl. oz. per 100 gallons spray solution,4,
pounds a.i. per acre,4,
lbs permethrin a.i. per acre,4,
lb product per 100 lbs of cut seed-pieces,4,
lb Mycoshield 34 WP per acre,4,
ounces per 100 sq ft,4,
fl oz per 250 sq ft,4,
lb product per 100 lb of seed pieces,4,
applications,4,
lbs of product per 1000 sq ft,4,
Cue-Lure Plugs per acre,4,
packet per 2900-3850 sq ft,4,
fl oz per 100 pounds of seeds,4,
gallons of product per acre,4,
fl oz per 100 gal or fl oz per acre,4,
Tablets per 2.5 acre,4,
quarts/100 gallons water,4,
gram Active Ingredient per kg of fruit,4,
oz per 10 gallons,4,
fl. oz per 2 gallons water,4,
fl. oz. per gal,4,
qts per treated acre,4,
packets per 3 acres,4,
pt per 100 gallons of water,4,
Green tablet per 240 cubic feet treatment area,4,
Ib product,4,
Fl. Oz. per 100 lbs. of seed-pieces,4,
"oz per 3,000 to 500 pots (depending on container size)",4,
gal product per acre,4,
pints product per acre,4,
gallons product per 100 gallons water per acre,4,
tsp per 2.5–50 gal water,4,
ml per 1000 square feet,4,
g / 1000 ft3,4,
oz per 300 gals water,4,
oz per 100 gals water,4,
oz/100 ft²,4,
oz/50-100 gal,4,
oz/7250000 lb of fruit,4,
fl oz per 5 gallons,4,
shells per stem,4,
gallons of oil per 100 gallons water,4,
fl ounces per 100 gallons (based upon a dilute spray volume of 400 gal/A),4,
ml per 4 inches of trunk circumference,4,
mg a.i. per seed,4,
Undiluted,4,
gallons product per 50 to 200 gallons water per acre,4,
"pt/1,000 row feet",4,
fl oz per 3 gals water,4,
lb per inch of trunk diameter,4,
lb/1000 sq ft bed,4,
lb per 4 gallons water,4,
fl oz A131.02/100 gal,4,
gal product/A,4,
quarts per 4 gallons water,4,
lb per 960 sq ft,4,
lb per 1280 sq ft,4,
gallons product per 50-200 gallons of water per acre,4,
fluid ounces per 100 gallons,4,
ounces per 100 ft2,4,
lbs per 1000 sq.ft.,4,
pounds KOLOSPRAY plus 2 to 3 pounds Polysulfide Compounds per 100 gallons of water,4,
"lbs/A,",4,
fl. oz./100 gals of water,4,
fl. oz per 100 pounds of seeds,4,
oz per 300 gal of water,4,
fl oz/lb seed,4,
oz per 300 gal water,4,
lbs per 500 ft2,4,
oz/100 sq ft,4,
ounce per acre,4,
gallons per ton,4,
gals product per 100 gals water applied as 100-500 gals spray solution per acre,4,
tbsp oil per gal water,4,
gals product per 100 gals water applied as 100-600 gals spray solution per acre,4,
gals product per 45-125 gals water per acre,4,
grams a.i. per 100 gallons,4,
fl oz per number of containers treated,4,
"fl. oz. per 1,000 sq. ft.",4,
fl oz/sq ft,4,
fl oz/1000 ft row,4,
"ounce per quart per 1,000 square feet",4,
"fl. oz per 50,000 lbs of fruit",4,
fl oz per 100 lb potato seed tubers,3,
qts product per acre,3,
"pound active ingredient per 50,000 lbs of potatoes",3,
qts per 100 gallons water,3,
lbs per 500 sq. ft.,3,
gals product per 100 gals water applied as 100-250 gals spray solution per acre,3,
%,3,
"gm per 10,000 seed",3,
"fl. oz. product per 1,000 row-feet",3,
ml/tree,3,
"fl. oz. per 50,000 seeds",3,
liters/hectare,3,
inches of water per acre,3,
qt per 10 gal water (700 - 1000 ppm),3,
"ounces per 25,000 pounds of fruit",3,
fl. oz./100 gals.,3,
lures/acre,3,
trap per 150–200 feet,3,
grams per 10-25 gallons water,3,
micrograms per seed,3,
gallons solution per ton,3,
ounce per inch of trunk circumference,3,
tablets per 1000 bu,3,
percent vol/vol,3,
gallon product/ton of tubers,3,
gallons product/ton,3,
fl. oz per 100 gallons water,3,
"grams of product per water volume (125g/25gal, 250g/40gal)",3,
quart per 10 gallons water,3,
fl oz per 50000 lbs of fruit,3,
fl. oz/gal,3,
lb product/100 gal,3,
FL. OZ./BU,3,
packs per 100 gallons,3,
ppm available chlorine solution,3,
gallons per 300-600 gallons per acre,3,
gal per 3600 sq.ft.,3,
oz/750000 lb of fruit,3,
fl oz per bin,3,
fl. oz per 80–120 gal,3,
fl oz per 80–120 gal,3,
g a.i./acre/year,3,
1 part product to 3 parts water,3,
fluid ounces per ton,3,
20% solution,3,
fl oz per 2 gals,3,
lb a.i./cwt,3,
grams per 40 gallons,3,
grams AI per inch trunk circumference,3,
gallons/1000 ft2,3,
gal product per 100 gal water,3,
ounces per 300 gallons water or per acre,3,
lb per 750-1500 sq ft,3,
fl oz/pot,3,
seconds per 1000 cubic feet,3,
fl. oz. per gal.,3,
lbs of formulated product/acre,3,
fluid ounces/100 lbs seed,3,
% vol/vol,3,
gallons per pound,3,
"fl oz/1,000 row feet",3,
"lb AI per 50,000 lbs",3,
lb a.i./1000 lb,3,
Cu.Ft. per dispenser,3,
fluid ounces per 100 gallons water,3,
pint per 100 gallons water,3,
fl oz per 16.4 gallons water,3,
ounce per 100 square feet,3,
pounds active ingredient per 600 cwt,3,
cup per inch of trunk circumference,3,
fl oz per 2.5 gallons of water,3,
ounces/1000 ft of row,3,
"oz per 3,000 sq ft",3,
pounds KOLOSPRAY plus 6 pounds Polysulfide Compounds per 100 gallons of dilute spray,3,
pounds per 100 gallons of dilute spray,3,
pints per square foot,3,
ounce product per gallon water,3,
quarts/100 gallon,3,
grams per 100 gallons,3,
"ounce product per 49,000 ft3",3,
fl. oz per 2 gallons of water,3,
% by wt,3,
g ai per 100 gallons of water,3,
"pounds of active ingredient per 50,000 lbs",3,
pts product/A,3,
oz formulation/acre per year,3,
quart per 10 gal water,3,
fl oz per 3 gallons,3,
lb a.i./1000 lb of potatoes,3,
fl oz per 2 gallons,3,
mL per capsule,3,
pad per 8.2 kg grapes,3,
fl oz/100 gallons of water,3,
gals product/100 gals water at 50-100 gals spray solution per acre,3,
gallon of solution per pound of seed,3,
1 part concentrate to 29 parts diluent up to 1 part concentrate to 11 parts diluent; finished spray at 1 gal/750 ft2,3,
gals product/100 gals water at 100-600 gals spray solution per acre,3,
fl. oz. per gallon,3,
teaspoons per linear yard of canopy,3,
lbs per half acre,3,
fl oz/10 gallons,3,
oz per cubic foot,3,
gallon per pound of seed,3,
teaspoon per 5 gallons of water,3,
grams a.i. per 100 gallons of water,3,
ozs per mound,3,
lbs/100 gals,3,
fl oz per 100 lbs of seed pieces,2,
lb/100 gallons,2,
lb per 50 gallons water,2,
oz Halosulfuron-methyl per acre,2,
oz of product,2,
fl oz per 1 to 1.5 gallons water,2,
mg per seed,2,
pt/100gal,2,
fl oz/100 gals water,2,
Lbs/treated acre,2,
microinjection unit per 4 inches of tree stem circumference,2,
"fl. oz. per 1,000 ft² of plant bed",2,
"oz per 100,000 seeds",2,
grams per 25-80 gallons water,2,
pt./A,2,
Fl. Oz. per 100 Pounds of Seed,2,
gallons product per 300 to 600 gallons water per acre,2,
fl. Oz. per 100 lbs seed,2,
Fl. Oz. / 100 lbs of Seed-Pieces,2,
% v/v per acre,2,
pts/100 gals water,2,
gallons product per 300-600 gallons of water per acre,2,
qt/10 gal oil,2,
pt per 100 gallons,2,
lb per 500 gal water per acre,2,
lb per 100 gal water,2,
fl. oz per 100 gallons of water,2,
fl. oz product per 2 gallons water,2,
ounces per 1000 sq ft,2,
seconds per burst,2,
milliliters per injection,2,
grams/acre,2,
"gm per 100,000 seed",2,
gallons per 300-600 gallons of water,2,
"fl. oz. per 100,000 seeds",2,
% of total per acre rate,2,
"gallon per 8,000 lbs of potatoes",2,
mL product/tree,2,
lbs product per 50 gallons water,2,
fl oz per 275 to 550 gal water,2,
pt/A in 0.5-1 inch water,2,
lb ai per 1000 bushels,2,
quarts per 100 gallons of spray,2,
fl oz per 10 gallons of water,2,
fl. oz. per gal. of water,2,
fl oz per ton of potatoes,2,
gallons per 100-150 gallons per acre,2,
fluid ounces per 1000 gallons water,2,
gal per 2250 sq.ft.,2,
ppm a.i.,2,
oz per 10 sq.ft.,2,
"pint per 1,500-6,000 cubic feet ripening room",2,
"quart per 4,000-10,000 cubic feet ripening room",2,
fl ozs/100 lbs seed,2,
pints per 50-100 gallons of water per acre,2,
g a.i. per 100 gallons,2,
Fl. Oz. per acre,2,
fl. oz./1000 row feet,2,
"pellets per 1,000 cu. ft.",2,
Oz per Acre per Application,2,
pints product per 8 pints water,2,
lb MCW-2 15G per acre,2,
gallons per 100 square feet,2,
packet per 8-16 inches trunk diameter (DBH),2,
g per 25 gallons water,2,
Green tablet per 120 cubic feet treatment area,2,
lbs product per 100 gallons water (plus 1 qt crop oil),2,
fl oz product per 2 gallons water,2,
pints product per gallon solution,2,
tsp per 4 qts of water,2,
lb/A (band),2,
gallons per acre in 200 to 500 gallons of water per acre,2,
mL per 6 inches trunk circumference,2,
gallon solution per pound of seed,2,
oz per 5 gallons,2,
pound per 100 gallons of water,2,
gals product/100 gals water at 100-250 gals spray solution per acre,2,
Tablets per acre,2,
grams per placement,2,
fluid ounce per gallon of water,2,
grams a.i./100 gallons,2,
"pt per 1,000 linear ft of row",2,
fl oz per hundredweight of seed,2,
pints/100 gallons water,2,
pt in 100 gal water,2,
gallon per 11 gallons spray mixture,2,
lbs per 250 gallons water,2,
pad per 8.2 kg of table grapes,2,
lb product/3.7 acres,2,
fl. oz./1000 plants,2,
ppm AVG HCl,2,
ratio of activated solution to humidification water,2,
g per 100 gal,2,
fluid ounces per hundredweight (cwt),2,
fl oz Trimtect per 100 gallons of water,2,
fl oz per 5 gal water per ton of potatoes,2,
oz/ton of tubers,2,
"lbs per 1,000 linear feet of row",2,
fl oz per 5 gallons of water,2,
oz per 100 gallons of spray suspension,2,
ppm total bromine,2,
oz/35.3 ft3,2,
pints per ton (1:5 dilution),2,
acre per canister,2,
ppm ai,2,
ounces per acre or ounces per 300 gallons of water,2,
fl oz per 3 gal,2,
fl oz product/1000 row ft,2,
"lb a.i./1,000 ft of row",2,
fl oz per 275-550 gal water,2,
"oz/50,000 lb of fruit",2,
fl oz per 350 sq ft,2,
gallon per acre,2,
fl. oz solution/CWT seed,2,
mL per inch trunk diameter,2,
fluid ounces per 100 lbs of seed,2,
lb active ingredient per 600 cwt of potatoes,2,
grams of product per 100 kg of cut seed-pieces,2,
gallons product per 100 gallons of water per acre,2,
fl oz product/10000 plants,2,
"seconds per 1,000 cubic feet",2,
fl.oz per gallon of water,2,
fl oz per gallon per 250 sq ft,2,
tablets per 353 ft³ (10 m³),2,
gallon per 2000 cwt potatoes,2,
oz product/1000 sq ft,2,
gals product per 100 gals water applied as 500-2000 gals dilute spray solution per acre,2,
oz product/100 gallons,2,
Quarts per 100 gallons of water,2,
"fl oz/1,000 gal water",2,
Fl. Oz. per 10 gallons,2,
fl oz per 1000 cubic feet,2,
"lbs per 1,000 sq.ft",2,
"pt/1,000 row ft",2,
"fl oz per 50,000 lbs of fruit",2,
lbs a.i. per acre,2,
pounds per treated acre (2-4 foot band),2,
fl oz per quart water,2,
ounce per 100 gallons of water,2,
gals product per 100 gals water applied at 100 gals per acre,2,
gallons per pound seed,2,
"oz per 110,000 lbs fruit",2,
grams active ingredient per inch DBH,2,
level tablespoons per gallon water,2,
fl oz per 20 gallons of water,2,
lbs product/100 gallons water,2,
gals product per 20 gals water per acre,2,
Fl Oz/1000 Plants,2,
pt per 50 gallons of water,2,
pt per 50 to 100 gallons of water,2,
gals product per 100 gals water applied at 400-800 gals spray solution per acre,2,
gallons of concentrate per 100 gallons water per acre,2,
"fl oz / 200,000 lbs of fruit",2,
fl oz per 1000 cubic ft,2,
lb metallic Cu/A per application,2,
lb product/50 gallons,2,
fl. oz. per 275-550 gals water,2,
pt per 1000 linear ft,2,
Tbsp per 3 gallons water,2,
"ml per 4"" of trunk circumference per injection site",2,
"fluid ounces per 1,000 square feet",2,
pt/100 gallons of water,2,
oz product per 2 gallons of water,2,
fluid ounces/Acre on 36 inch rows,2,
grams active ingredient per inch of trunk diameter,2,
fl. oz. per 2 gallons water,2,
fl. oz. per gallon of water,2,
spray until wet,2,
gal per 100 gal,2,
"pounds active ingredient per 50,000 pounds of potatoes",2,
pts/100 gal,2,
pints per 1000 linear feet of row,2,
pints/0.1 acre,2,
fl.oz./1000 ft2,2,
fl. oz. per 2 gallons of water,2,
oz per 13 gallons water,2,
second per burst,2,
pt/acre broadcast,2,
fluid ounces per gallon,2,
Gal/Acre,2,
fl oz per 1000 linear foot,2,
fl oz per 100 lb seeds,2,
tablespoon per 2.5 gallons of water,2,
gallons per acre; plus 1.5 gallons oil,2,
ml product/tree,2,
FL. OZ./100 LBS,2,
lb per 320 sq.ft,2,
grams/kg,2,
fl. ozs./acre,2,
lb product per 100 lb seed pieces,2,
ml per injection,2,
lb product/100 lbs seed,2,
pints per 8 gallons,2,
gallons diluted solution per 8000 lbs potatoes,2,
fl oz per 0.5 gal water per ton tubers,2,
fl oz per 1000 feet of row,2,
"pounds active ingredient per 1,000 bushels (600 CWT)",2,
mL per metric ton,2,
pounds per 1000 row feet,2,
fl oz per 157-209 sq ft,1,
gallon per 100 gallons water,1,
fl. oz. per 100 lbs seed,1,
gallon per 19 gallons water,1,
fl oz product per 2 gallons of water,1,
oz product per 10 gallons of water,1,
lb/20 gal water,1,
fl oz product per 2000 lbs tubers,1,
lbs per 100 gallons plus 1.5 gal lime sulfur per 100 gallons,1,
lb per 100 lbs seed pieces,1,
ounces per 2 gallons of water,1,
part per 1200 parts water,1,
fl. oz./100 gallons,1,
"g a.i. per 1,000 seed",1,
wrap per pear,1,
"quart per 4,000-8,000 cubic feet in 24 hours",1,
oz per 1000 linear ft of row,1,
fl oz per 10 gallons solution,1,
"quarts per 1,500-2,500 cubic feet over 12-24 hours",1,
grams a.i./100 gallons water per 100 lbs seed,1,
ounce per specified container drench treating up to 3000 to 500 pots depending on pot size,1,
gallons plus insecticide per 200 gallons spray per acre,1,
Fl. Oz / 100 lbs. of Seed,1,
oz per 5.5 gallons of water,1,
gals product/100 gals water at 500-2000 gals spray solution per acre,1,
oz product per 10 gallons,1,
oz per 11 gallons of water,1,
oz per 14.5 gallons of water,1,
fluid ounces per 5 gallons of sterile deionized water,1,
Tablets per 30 gal of water,1,
Tablets per 1.25 acre,1,
"cubic feet per hour per 8,000 cubic feet of space",1,
gals product/100 gals water at 100-200 gals spray solution per acre,1,
Apply until surface is wet,1,
1:100 ratio (product:water),1,
gals product/100 gals water at 200-300 gals spray solution per acre,1,
"cans per 40,000 lbs of potatoes",1,
"mg per 3,531 cubic feet",1,
"mg per 7,063 cubic feet",1,
"cans per 200,000 lbs of potatoes",1,
"mg per 10,594 cubic feet",1,
"cans per 1500 cubic feet and 20,000 lbs of potatoes",1,
fluid ounce per 1000 square feet,1,
fluid ounce per 1000 cubic feet,1,
"cubic feet per 1,000 cubic feet of room volume per 24 hours with 1-2 air exchanges per hour (24-48 exchanges per 24 hours)",1,
oz/1000 linear row feet,1,
gals product/100 gals water at 200-400 gals spray solution per acre,1,
TBSP per gallon of water,1,
gals per 200-300 gals water,1,
pad per 8.2 kg (18 lbs) of table grapes,1,
oz/A (minimum 5 gal water/A),1,
oz per 2 gallons per ton,1,
pint per 12-25 gallons of water per 9600 square feet of greenhouse space,1,
fl. oz. per 100 lbs of seed or propagating root or tuber material,1,
quart per 12-25 gallons of water per 9600 square feet of greenhouse space,1,
fl oz per gal of water,1,
fl oz per 15 gallons,1,
fl oz per 100 lbs of cut seed pieces,1,
pints per acre (in a minimum of 5 gallons of water per acre),1,
oz per square yard,1,
teaspoon per gallon of water,1,
qts/100Gals,1,
pad per 8.2 kg of grapes,1,
lbs product per 50 gallons of water,1,
Ib acid eq/gallon,1,
pumps (gm),1,
Ib acid eq/10 gal oil,1,
fl oz per 250000 lbs of fruit,1,
oz per 4 gallons of water,1,
oz per 100 lbs seed pieces,1,
fl oz product per 1000 row ft,1,
fl oz per ton (2000 lbs) of potatoes,1,
fl oz per 100 cwt of potatoes,1,
pints per 50 gallons of water,1,
fl oz per 600 cwt,1,
lb product per 100 gallons water,1,
shells per 4 inches of trunk diameter,1,
lb product per gallon,1,
sachets per box (0.088 oz),1,
lb ai/100 lb seed,1,
fl. oz per ton of potatoes,1,
cu ft per unit,1,
"gm per 1,000 seed",1,
pt per 1000 ft row,1,
gals per 100 gals water; 100-250 gals per acre,1,
gals per acre; 200-300 gals water per acre,1,
gals per 100 gals water; 200-500 gals per acre,1,
gals per acre; 200-500 gals water per acre,1,
ppm in wax,1,
mL per gallon,1,
acre-inch of water per A,1,
2 oz fogger treats 2000 cubic feet (do not apply more than one per 1500 cubic feet),1,
fl oz of product per pot,1,
fl oz of product per 100 gal of water,1,
oz per 750 cubic feet,1,
gallon per 8000 lbs potatoes,1,
lb per 7.5 gallons of water,1,
tablet per 24 fl oz of water,1,
gallon per 750 to 1000 sq ft,1,
oz per 14 gallons of water per 1000 linear ft,1,
sachets per box (0.044 oz),1,
sachets per box (0.022 oz),1,
fl oz per 100 lbs of seed or propagating root or tuber material,1,
qts/100 gallons,1,
oz per 100 lb seed pieces,1,
oz per 100 lb seeds,1,
gallons product per acre diluted in 400 to 800 gallons of water,1,
pints of mixture per tree,1,
fl. oz. per 4 gal of water,1,
gal/acre broadcast,1,
"pt per 1,000 ft row",1,
"fl oz per 1,000 ft row",1,
pounds product per 100 gallons water,1,
gallons product per acre in minimum of 20 gallons spray,1,
ounces per 5 gallons,1,
"fl. oz per 4,400 lbs of tubers",1,
fl oz per 1000 linear feet of row,1,
fl oz/10 gallons root dip solution,1,
lb product per 100 gallons water (drench suspension),1,
Ready-to-use spray to runoff,1,
pint per 2 gallons of water,1,
fl oz per 1000 ft3,1,
gallon of sanitizing solution per ton of potatoes,1,
fl oz product/100 gal,1,
ounce per gallon of water,1,
fl. oz./gal,1,
qt/10 gallons of oil,1,
oz product per 2 gallons of water (600 ppm available chlorine),1,
mL/0.1 ft3,1,
fl.oz/2 gal,1,
Tbsp per gal,1,
gals product per 100 gals water applied as 100-200 gals spray solution per acre,1,
lb per 100 lb of cut seed pieces,1,
lbs product per 100 gals of water,1,
gallons per acre + 6 pints Ethion 4EC,1,
gals product per 100 gals water applied as 200-300 gals spray solution per acre,1,
gallon plus appropriate label rate of an insecticide per 100 gallons of water,1,
gals product per 100 gals water applied at 200-300 gals per acre,1,
gals product per minimum 45 gals water per acre,1,
lbs per cubic yard of media,1,
fl oz per 5 gal water,1,
fl oz per 10 gal water,1,
gals product per 100 gals water applied as 50-100 gals spray solution per acre,1,
mL per inch of cumulative trunk diameter at breast height,1,
gals product per 5-10 gals water per acre,1,
tablespoons per 2 gallons,1,
gallon per 200 gallons water,1,
fl oz per 100 lbs cut seed pieces,1,
g product per 1000 seeds,1,
fluid oz per 1000 sq ft,1,
fl oz/100 gallons per acre,1,
qt per 100 gallons of spray,1,
one-second bursts,1,
"oz/1,000 plants",1,
ounces per 100 gallons of water,1,
fl oz product/100 seed tubers,1,
gallons per 200-300 gallons per acre,1,
gallons/ton,1,
fl. oz. per CWT of cut seed pieces,1,
fl. oz. per 50 lbs of seed,1,
fl. oz per gallon,1,
percent by weight,1,
lbs product/100 gallons,1,
fl oz product/100 lb seed tubers,1,
oz/A + 0.2 lb ai/A Fenpropathrin,1,
fl oz/1000 cu ft,1,
percent by volume,1,
quart of 1% emulsion per 20 bags (100 lb per bag),1,
oz per 1000 cubic feet,1,
gals product per 100 gals water applied at 200 gals spray solution per acre,1,
fluid ounces Pyrenone Crop Spray per 150 gallons water,1,
pounds pyrethrins per acre,1,
g ai/100 gallons water,1,
oz product per tree,1,
lb per 100 gallons,1,
Fl oz per 1000 plants,1,
Fl oz per 100 lbs of seed,1,
qt/10 gal of oil,1,
gallons per 300-500 gallons per acre,1,
gals product per 100 gals water applied at 200-400 gals spray solution per acre,1,
lb product/100 gal water,1,
oz per 41.5 gallons apple wax,1,
parts product to 9 parts water,1,
lbs per 1000 ft²,1,
lbs per cubic yard,1,
ppm AVG HCL,1,
fl oz/1000 row-feet,1,
fl. oz per 5 gal of water,1,
pints per 200 gallons water,1,
pts per 100 gals,1,
fl. oz. per 100 gal,1,
Ib a.e. per 10 gallons of oil,1,
lb a.e. per gallon,1,
ounces per 1000 cu ft,1,
mL per 45.4 kg of seed,1,
second bursts,1,
fl oz/5 gal water,1,
fl.oz per 10 gallons,1,
fl oz per 2 gallons solution,1,
oz per cubic yard,1,
ounces per 14 gallons of water per 1000 linear ft,1,
g per gallon,1,
quarts per 7.5 gallons of water,1,
RTU,1,
Fl Oz/100 Lb Seed,1,
"fl oz / 200,000 lbs of sweet potatoes",1,
"fl oz / 50,000 lbs of fruit",1,
"fl oz / 250,000 lbs of fruit",1,
gal of mix per 600 sq ft,1,
gallons/100 gallons of water,1,
ounces per 1000 sq. ft.,1,
ounce per 1000 cu. ft.,1,
quarts/100 gallons of water,1,
teaspoons/linear yard of canopy width,1,
second per sq. ft.,1,
oz of product per 2 gallons water,1,
fl oz/1000 ft of row,1,
oz/100 gallon,1,
lb ai/100 gal,1,
g ai per 100 gallons water,1,
lbs product per 60 gals mixture,1,
1 part concentrate to 900 parts water (1 pint per 125 gallons or 1 teaspoon per 10 pints water),1,
lb acid eq per 10 gallons of oil,1,
fl oz per gallon water for 250 sq ft,1,
teaspoon per 3 oz water,1,
oz per quart water,1,
Percent by volume mixture,1,
minimum 40 gallons of water per acre,1,
gallons product per acre in 200-400 gallons of water,1,
gallons product per 300-500 gallons of water per acre,1,
quarts product per acre,1,
percent v/v when total spray volume >125 gallons per acre,1,
oz per 5 gal water,1,
gallons product per acre when total spray volume ≤125 gallons per acre,1,
gallons product plus labeled rate of insecticide per acre,1,
gallons product plus labeled rate of insecticide per 200-300 gallons water per acre,1,
pints product/100 gallons water,1,
"fluid ounces/10,000 Plants",1,
"oz product per 100,000 Seeds",1,
part per 400 parts water,1,
lbs product/50 gallons,1,
"fl. oz. per 100 gallons of water; apply at 1 gallon per 7,500–10,000 lbs of fruit",1,
"fl. oz. per 100 gallons of diluted storage wax; apply at 1 gallon per 3,800 lbs of fruit",1,
lb per 400 cwt (min) to lb per 600 cwt (max),1,
Quarts/100 Gallons,1,
grams per 2 gallons water,1,
"grams of product per 1,000 seed",1,
pt/20 gal,1,
fl oz per 2 gal,1,
pt/5 gal,1,
fl oz per 2 gallons water per ton of potatoes,1,
"tablespoons per mound (mounds <15"" diameter)",1,
"tablespoons per mound (mounds >15"" diameter)",1,
cups per 1000 sq ft,1,
cups per 10000 sq ft,1,
g per 2000 lbs tubers,1,
trap per 150-200 feet perimeter,1,
ounces per acre or per 300 gallons water,1,
fl oz per 20 gallons,1,
oz/1000 sq. ft.,1,
oz/1000 cu. ft.,1,
oz product/gallon,1,
day interval,1,
inch growth,1,
fl. fl. oz. per gal.,1,
oz per 2 gallons of water per ton,1,
fl oz product per 2 gal water,1,
lb product/1000 ft of row,1,
qt per acre (100 - 500 ppm),1,
oz per square yard in a 6-inch band,1,
devices/acre,1,
"grams per 1,000 square feet per year",1,
fl oz per 1000 linear ft,1,
qt per 100 gal water,1,
packets/100 gal,1,
fl oz per 10 sq ft,1,
traps per 1/2 acre,1,
gallons per acre; plus 1.5 gallons supreme or superior oil,1,
quarts per acre; plus 1–4 lbs wettable sulfur and 0.5 pint Sulforix per 100 gallons,1,
pint per acre; plus 4 pounds wettable sulfur,1,
gallons per acre; plus 4 pounds wettable sulfur,1,
fl. oz per gal,1,
gallons per 100 gallons of spray per acre; plus 1.5 pounds oil,1,
gallons per 100 gallons of spray per acre,1,
gallons of solution per ton,1,
gallons per 100 gallons of water per acre; in 200-300 gallons spray,1,
One second bursts,1,
gallons per acre; in 100-150 gallons spray,1,
fl. oz./100 lbs. of seed,1,
fl. oz./100 lbs. of seed tubers,1,
gallons per acre; plus 1.5 to 2 gallons supreme or superior oil,1,
gallons per acre; plus 5 pounds wettable sulfur,1,
Tbsp per 4 gallons,1,
Ib per 50 gal water,1,
"fl oz product/1000 row ft @ 30"" rows",1,
oz per 26 gallons of water (150 ppm),1,
oz per 19.5 gallons of water (200 ppm),1,
lb ai/10 gal,1,
mL per 100 gallon,1,
"fl. oz. per 2,000 lbs tubers",1,
oz product/tree,1,
fl oz per 1000 linear ft row,1,
teaspoon per dial setting,1,
qt per 100 gal water per tree,1,
fl oz/1000 gal,1,
qt per 0.3 acre,1,
fl. oz per 1000 feet of row,1,
lbs per 100 gal,1,
pounds Permethrin per acre,1,
trap per <1/8 acre,1,
traps per 1/8-1/4 acre,1,
traps per 1/4-1/2 acre,1,
lb/50 gal water,1,
lbs product per 5 gals,1,
gal mix per 350 sq ft,1,
pints per 1000 linear feet,1,
oz per 9.75 gallons of water (400 ppm),1,
oz per 19.5 gallons of water (400 ppm),1,
oz product per 5 gal water per mound,1,
fl oz/0.5 gal water/ton,1,
undiluted via hose-end sprayer jar,1,
pints of diluted mixture per tree,1,
pints per 1000 row feet,1,
lure dispenser per trap,1,
pounds per 1000 linear feet,1,
fl oz per 10 gal,1,
Spray from 12-15 inches,1,
"lbs product/1,000 ft of row",1,
gal mix per 300 sq ft,1,
gal mix per 600 sq ft,1,
percent v/v in 300 gallons water per acre,1,
percent v/v in 60 gallons water per acre,1,
parts per 100 parts water,1,
oz product per 34 oz water,1,
fl oz per 1000 row-feet,1,
fl oz per 10 gallons root-dip solution,1,
fl oz per 200 gallons of water,1,
fl oz per 1000 linear feet,1,
lb ai per 10 gallons,1,
fl oz product per tree,1,
oz per 55 gallons water,1,
oz per 83 gallons water,1,
oz per 150 gallons water,1,
oz per 194 gallons water,1,
oz per 27.5 gallons apple wax,1,
fluid ounces/10 gallons root-dip solution,1,
oz per 75 gallons apple wax,1,
oz per 97 gallons apple wax,1,
oz per 2000 lbs tubers,1,
oz solution per square foot,1,
fluid ounces per 1000 row-feet,1,
gallons product per 20-125 gallons of water per acre,1,
envelope per gallon,1,
lb per 2000 lbs potatoes,1,
gallons of water per acre,1,
"fl oz/50,000 lb of Fruit",1,
fl oz/ton of Tubers,1,
oz per half acre,1,
packets/100 gallons,1,
"fl oz per 1,000 cubic feet of space",1,
One-second bursts,1,
pints per wound,1,
"fl oz/1,000 plants",1,
teaspoons per gallon of water,1,
fl oz product/100 gallons,1,
pints per acre in a minimum of 5 gallons of water per acre,1,
pint per 50-100 gallons of water per 9600 square feet of greenhouse space,1,
"fl. oz. per 1,000 sq ft",1,
oz per gallon water,1,
parts product per part water,1,
mg/m3,1,
fl. oz. per gallon of water per ton of potatoes,1,
dispensers per acre (0.31 fl oz or 8.04 g a.i.) per application,1,
lb per 50 gal water,1,
fl oz per 4356 sq ft,1,
ozs per 100 gallons,1,
fl oz product per gal water,1,
oz per inch trunk diameter,1,
% v/v in 60 gallons of water per acre,1,
% v/v in 200 gallons of water per acre,1,
ml per kg of seed,1,
1 part Burst Yield Booster to 250 parts water,1,
gallons per 100 gallons of water using minimum 200 gallons water per acre,1,
mL per 6 inches of trunk circumference,1,
fluid ounces per 5 gallons,1,
lbs product/lbs hydrated lime/gal water + 0.5 gal oil,1,
lbs product/100 gal water,1,
dispensers per acre (0.46-1.55 fl oz or 12.06-20.11 g a.i.) per application,1,
lb ai/1000 lb potatoes,1,
quarts per 100 square feet,1,
"fl oz per 1,000 linear ft of row",1,
fl. oz. per ton of potatoes,1,
fl. oz. per 10 gallons,1,
fluid ounces per 16 gallons of water,1,
"g per 25 gallons water; apply 1 gal of solution per 2,000-4,000 lbs cherries",1,
fluid ounces per 100 pounds of seed pieces,1,
spray in one-second bursts,1,
pt per treated acre,1,
lb per 100 lb of seed,1,
Green tablet per 200 cubic feet treatment area,1,
quarts product per 100 gals water,1,
fl oz product per 100 gallons,1,
fl oz product per 50 gallons,1,
fl oz per 2000 lbs of tubers,1,
lb product/gal,1,
gallon solution per ton of potatoes,1,
g per gallon water,1,
grams a.i./100 gallons water,1,
"oz per 1,980 lbs pallet",1,
fl oz per 100 lb seed tubers,1,
Ready-to-use spray until wet,1,
lb product/100 gallons,1,
oz/cwt,1,
fluid oz per 1000 square feet,1,
gallons per 5-15 gallons of water (7.4%-19.4% v/v dilution),1,
quarts per 10 gallons of water (2.9%-5.6% v/v dilution),1,
pt/acre (in a minimum of 5 gals water),1,
pt/100 gal water (dilute) or pt/acre (concentrate),1,
pounds of KOLOSPRAY per acre,1,
fl oz per 100 gal of water,1,
Grams A.I./100 lbs seed,1,
fl oz/100 gallon,1,
fl oz/100 lbs of seed,1,
"oz per shipping container (48,400 lbs)",1,
Tbsp per mound,1,
lbs per 100 gals. of water,1,
"fluid oz per 1,000 sq ft",1,
fl oz/acre broadcast,1,
gallons product per 400-800 gallons of water per acre,1,
lbs a.i. per 1000 sq ft,1,
seconds per sq ft,1,
gallons product per 100 gallons of water per acre in 50-200 gallons of solution,1,
4 gallons oil plus 8-12 pounds sulfur per acre,1,
5-8 gallons oil plus 8-20 pounds sulfur per acre,1,
Ib/100 gallons,1,
quarts per 1000 sq ft,1,
pints product/100 gallons of water,1,
fl oz/1000 linear row feet,1,
lbs per gallon water,1,
oz of product per 2 gallons of water,1,
packets per gallon of water,1,
pints per 100 square feet,1,
"oz per truck (26,400 lbs)",1,
ounce per 4 gallons,1,
grams/pot,1,
oz per 660 lbs large box,1,
g per 195 gal water,1,
fl. oz per 1000 sq ft,1,
g per 151 gal water,1,
"fl oz/1,500 sq ft",1,
g per 83.5 gal water,1,
g per 56 gal water,1,
gallons per 500 tons of potatoes,1,
"fl oz per 2,000 lb tubers",1,
lbs product per 100 gallons of water,1,
fl oz of solution per inch of trunk DBH,1,
fl oz/10 gal,1,
"fl oz per 1,000 row feet",1,
qt per 100 gals water,1,
gallons per ton of potatoes,1,
lbs/cu yd,1,
g per 28 gal apple wax,1,
oz per 100 gallons dilute spray,1,
g per 42 gal apple wax,1,
oz per 3.3 lbs package,1,
grams per 9-30 gallons water,1,
oz per 330 lbs large box,1,
g product/100 lbs seed,1,
oz per 110 lbs large box,1,
oz per 44 lbs box,1,
oz per 22 lbs box,1,
pounds product per acre per application,1,
gallons per 300-500 gallons of water,1,
g per gal water,1,
g per 2000 lb tubers,1,
g per 97.5 gal apple wax,1,
g per 75.5 gal apple wax,1,
gallons per 200-300 gallons of water,1,
% v/v in 60-200 gallons of water per acre,1,
qt per 0.6 acre,1,